{
  "name": "Callout",
  "notes": "Callouts & Peeks. A fixed width is set, however the width can be adjusted to a min/max ~130px/490px in most cases.",
  "class": "ms-Callout",
  "dependencies": [
    "Button",
    "Label",
    "Link"
  ],
  "branches": [
    {
      "name": "Default",
      "default": true,
      "template": "Callout.Default.html",
      "branches": [
        {
          "name": "Left Arrow",
          "default": true,
          "class": "ms-Callout--arrowLeft"
        },
        {
          "name": "Right Arrow",
          "class": "ms-Callout--arrowRight"
        },
        {
          "name": "Top Arrow",
          "class": "ms-Callout--arrowTop"
        },
        {
          "name": "Bottom Arrow",
          "class": "ms-Callout--arrowBottom"
        }
      ]
    },
    {
      "name": "Close Button",
      "template": "Callout.Close.html",
      "branches": [
        {
          "name": "Left Arrow",
          "default": true,
          "class": "ms-Callout--arrowLeft"
        },
        {
          "name": "Right Arrow",
          "class": "ms-Callout--arrowRight"
        },
        {
          "name": "Top Arrow",
          "class": "ms-Callout--arrowTop"
        },
        {
          "name": "Bottom Arrow",
          "class": "ms-Callout--arrowBottom"
        }
      ]
    },
    {
      "name": "ActionText",
      "class": "ms-Callout--actionText",
      "template": "Callout.ActionText.html",
      "branches": [
        {
          "name": "Left Arrow",
          "default": true,
          "class": "ms-Callout--arrowLeft"
        },
        {
          "name": "Right Arrow",
          "class": "ms-Callout--arrowRight"
        },
        {
          "name": "Top Arrow",
          "class": "ms-Callout--arrowTop"
        },
        {
          "name": "Bottom Arrow",
          "class": "ms-Callout--arrowBottom"
        }
      ]
    },
    {
      "name": "Birthday",
      "class": "ms-Callout--birthday",
      "template": "Callout.Birthday.html",
      "branches": [
        {
          "name": "Left Arrow",
          "default": true,
          "class": "ms-Callout--arrowLeft"
        },
        {
          "name": "Right Arrow",
          "class": "ms-Callout--arrowRight"
        },
        {
          "name": "Top Arrow",
          "class": "ms-Callout--arrowTop"
        },
        {
          "name": "Bottom Arrow",
          "class": "ms-Callout--arrowBottom"
        }
      ]
    },
    {
      "name": "OOBE",
      "class": "ms-Callout--OOBE",
      "template": "Callout.Oobe.html",
      "branches": [
        {
          "name": "Left Arrow",
          "default": true,
          "class": "ms-Callout--arrowLeft"
        },
        {
          "name": "Right Arrow",
          "class": "ms-Callout--arrowRight"
        },
        {
          "name": "Top Arrow",
          "class": "ms-Callout--arrowTop"
        },
        {
          "name": "Bottom Arrow",
          "class": "ms-Callout--arrowBottom"
        }
      ]
    }
  ]
}
