{
  "name": "ChoiceField",
  "notes": "Radio buttons and checkboxes.",
  "class": "ms-ChoiceField",
  "branches": [
    {
      "name": "Radio button",
      "default": true,
      "branches": [
        {
          "name": "Unselected",
          "default": true,
          "template": "ChoiceField.Radio.Unselected.html",
          "branches": [
            {
              "name": "Enabled",
              "default": true
            },
            {
              "name": "Disabled",
              "class": "is-disabled"
            }
          ]
        },
        {
          "name": "Selected",
          "class": "ms-TextField--underlined",
          "template": "ChoiceField.Radio.Selected.html",
          "branches": [
            {
              "name": "Enabled",
              "default": true
            },
            {
              "name": "Disabled",
              "class": "is-disabled"
            }
          ]
        }
      ]
    },
    {
      "name": "Checkbox",
      "branches": [
        {
          "name": "Unselected",
          "default": true,
          "template": "ChoiceField.Checkbox.Unselected.html",
          "branches": [
            {
              "name": "Enabled",
              "default": true
            },
            {
              "name": "Disabled",
              "class": "is-disabled"
            }
          ]
        },
        {
          "name": "Selected",
          "template": "ChoiceField.Checkbox.Selected.html",
          "branches": [
            {
              "name": "Enabled",
              "default": true
            },
            {
              "name": "Disabled",
              "class": "is-disabled"
            }
          ]
        }
      ]
    },
    {
      "name": "Group",
      "notes": "Wrap individual ChoiceField components in a ChoiceFieldGroup to create a list.",
      "template": "Choicefield.ChoiceFieldGroup.html",
      "class": "ms-ChoiceFieldGroup"
    }
  ]
}
